CL_ID,Month,Day,State,Occupation,ToAddress,WordResume,Company,CompanyDescription,EmailSubject,City,url,RA
6037909957,3,10,MT,,,,Montana|,,,billings,https://billings.craigslist.org/ret/6037909957.html,Connor Crowley
6043459727,3,14,MT,,,,Reviews|S|&|P|CAMS|VOYA|Insurance|PTO|Group|Life|&|Long|Term|Disability|Insurance|Voluntary|Term|Life|Insurance|ESGW|Services|Goodwill|Stores|Easter|Seals-Goodwill|,,,billings,https://billings.craigslist.org/ret/6043459727.html,Connor Crowley
6045076757,3,15,MT,,,,Advantage|Solutions|Advantage|Solutions|,,,billings,https://billings.craigslist.org/ret/6045076757.html,Connor Crowley
6045368792,3,15,IL,,,,Inventory|Associates|Inventory|Control|Management|,,,chicago,https://chicago.craigslist.org/chc/ret/6045368792.html,Connor Crowley
6045442780,3,15,IL,,,,Inventory|Associates|,,,chicago,https://chicago.craigslist.org/chc/ret/6045442780.html,Connor Crowley
6046490062,3,16,MT,,,,&|H|Turf|&|Specialties|Inc.|,,,billings,https://billings.craigslist.org/ret/6046490062.html,Connor Crowley
6046805848,3,16,MT,,,,Dos|Machos|Major|Medical|Insurance|Aflac|Supplemental|Insurance|IRA|,,,billings,https://billings.craigslist.org/ret/6046805848.html,Connor Crowley
6045635559,3,15,IL,,,,Chicago|Chicago|,,,chicago,https://chicago.craigslist.org/chc/ret/6045635559.html,Connor Crowley
6046261783,3,16,IL,,,,,,,chicago,https://chicago.craigslist.org/chc/ret/6046261783.html,Connor Crowley
6046841460,3,16,MT,,,,Uncapped|Commission|Maintain|Customer|Service|Customer|Service|,,,billings,https://billings.craigslist.org/ret/6046841460.html,Connor Crowley
6046486604,3,16,IL,,,,Neiman|Marcus|Group|Neiman|Marcus|Group|Specialty|Retail|Stores|Neiman|Marcus|Stores|Neiman|Marcus|Neiman|Marcus|Neiman|Marcus|,,,chicago,https://chicago.craigslist.org/chc/ret/6046486604.html,Connor Crowley
6046551744,3,16,IL,,,,California|Ave.|Lake|St|Akira|,,,chicago,https://chicago.craigslist.org/chc/ret/6046551744.html,Connor Crowley
6036570134,3,9,IL,,,,,,,chicago,https://chicago.craigslist.org/nch/ret/6036570134.html,Connor Crowley
6037118835,3,9,IL,,,,,,,chicago,https://chicago.craigslist.org/nch/ret/6037118835.html,Connor Crowley
6038005324,3,10,IL,,,,Board|Training|Department|,,,chicago,https://chicago.craigslist.org/nch/ret/6038005324.html,Connor Crowley
6037313052,3,9,IL,,,,Wisconsin|Ave|Lake|Forest|,,,chicago,https://chicago.craigslist.org/nch/ret/6037313052.html,Connor Crowley
6038010529,3,10,IL,,,,Board|,,,chicago,https://chicago.craigslist.org/nch/ret/6038010529.html,Connor Crowley
6043625006,3,14,IL,,,,,,,chicago,https://chicago.craigslist.org/nwc/ret/6043625006.html,Connor Crowley
6043691384,3,14,IL,,,,Microsoft|,,,chicago,https://chicago.craigslist.org/nwc/ret/6043691384.html,Connor Crowley
6043735004,3,14,IL,,,,Microsoft|Office|,,,chicago,https://chicago.craigslist.org/nwc/ret/6043735004.html,Connor Crowley
6043787991,3,14,IL,,,,GM|,,,chicago,https://chicago.craigslist.org/nwc/ret/6043787991.html,Connor Crowley
6044186878,3,14,IL,,,,Advantage|Solutions|Advantage|Solutions|,,,chicago,https://chicago.craigslist.org/nwc/ret/6044186878.html,Connor Crowley
6036217854,3,9,IL,,,,IPCA|Instant|Photo|Corporation|of|America|,,,chicago,https://chicago.craigslist.org/wcl/ret/6036217854.html,Connor Crowley
6036418370,3,9,IL,,,,,,,chicago,https://chicago.craigslist.org/wcl/ret/6036418370.html,Connor Crowley
6036648279,3,9,IL,,,,Room|&|Board|Room|&|Board|Room|&|Board|,,,chicago,https://chicago.craigslist.org/wcl/ret/6036648279.html,Connor Crowley
6036764496,3,9,IL,,,,Kaman|Fluid|Power|Kaman|Corporation|Kaman|Fluid|Power|CSR|UPS|Fed|Ex|,,,chicago,https://chicago.craigslist.org/wcl/ret/6036764496.html,Connor Crowley
6038130647,3,10,IL,,,,,,,chicago,https://chicago.craigslist.org/wcl/ret/6038130647.html,Connor Crowley
6038177176,3,10,IL,,,,W.|Vallette|St.|Elmhurst|Robert|,,,chicago,https://chicago.craigslist.org/wcl/ret/6038177176.html,Connor Crowley
6038539318,3,10,IL,,,,Right|Candidates|Enjoy|Competitive|Compensation|,,,chicago,https://chicago.craigslist.org/wcl/ret/6038539318.html,Connor Crowley
6040507094,3,12,IL,,,,,,,chicago,https://chicago.craigslist.org/wcl/ret/6040507094.html,Connor Crowley
6041000170,3,12,IL,,,,Customer|Service|,,,chicago,https://chicago.craigslist.org/wcl/ret/6041000170.html,Connor Crowley
6041371383,3,12,IL,,,,Naperville|Distribution|Center|,,,chicago,https://chicago.craigslist.org/wcl/ret/6041371383.html,Connor Crowley
6041383550,3,12,IL,,,,Naperville|Distribution|Center|,,,chicago,https://chicago.craigslist.org/wcl/ret/6041383550.html,Connor Crowley
6041391700,3,12,IL,,,,Naperville|Distribution|Center|,,,chicago,https://chicago.craigslist.org/wcl/ret/6041391700.html,Connor Crowley
6042229367,3,13,IL,,,,Sales|Associates|,,,chicago,https://chicago.craigslist.org/wcl/ret/6042229367.html,Connor Crowley
6042593829,3,13,IL,,,,Costco|Club|Demonstration|Services|Costco|Costco|Costco|,,,chicago,https://chicago.craigslist.org/wcl/ret/6042593829.html,Connor Crowley
6043337351,3,14,IL,,,,,,,chicago,https://chicago.craigslist.org/wcl/ret/6043337351.html,Connor Crowley
6043785983,3,14,IL,,,,Romeoville|IL|Amazon|Amazon|Amazon|,,,chicago,https://chicago.craigslist.org/wcl/ret/6043785983.html,Connor Crowley
6043794880,3,14,IL,,,,,,,chicago,https://chicago.craigslist.org/wcl/ret/6043794880.html,Connor Crowley
6044011800,3,14,IL,,,,,,,chicago,https://chicago.craigslist.org/wcl/ret/6044011800.html,Connor Crowley
6044050241,3,14,IL,,,,Part-Time|School|Bus|Drivers|Starting|Wage|&|Paid|CDL|CDL|,,,chicago,https://chicago.craigslist.org/wcl/ret/6044050241.html,Connor Crowley
6044113575,3,14,IL,,,,Advantage|Solutions|Advantage|Solutions|,,,chicago,https://chicago.craigslist.org/wcl/ret/6044113575.html,Connor Crowley
6044180557,3,14,IL,,,,Advantage|Solutions|,,,chicago,https://chicago.craigslist.org/wcl/ret/6044180557.html,Connor Crowley
6044205267,3,14,IL,,,,Advantage|Solutions|,,,chicago,https://chicago.craigslist.org/wcl/ret/6044205267.html,Connor Crowley
6044960016,3,15,IL,,,,Advantage|Solutions|ASM|Advantage|Solutions|,,,chicago,https://chicago.craigslist.org/wcl/ret/6044960016.html,Connor Crowley
6044986424,3,15,IL,,,,Loan|Company|,,,chicago,https://chicago.craigslist.org/nwc/ret/6044986424.html,Connor Crowley
6045007893,3,15,IL,,,,,,,chicago,https://chicago.craigslist.org/wcl/ret/6045007893.html,Connor Crowley
6045011033,3,15,IL,,,,,,,chicago,https://chicago.craigslist.org/wcl/ret/6045011033.html,Connor Crowley
6045158530,3,15,IL,,,,,,,chicago,https://chicago.craigslist.org/wcl/ret/6045158530.html,Connor Crowley
6045175127,3,15,IL,,,,Customer|Service|,,,chicago,https://chicago.craigslist.org/wcl/ret/6045175127.html,Connor Crowley
6045188289,3,15,IL,,,,Elk|Grove|Village|,,,chicago,https://chicago.craigslist.org/nwc/ret/6045188289.html,Connor Crowley
6045260271,3,15,IL,,,,Advantage|Solutions|Advantage|Solutions|,,,chicago,https://chicago.craigslist.org/wcl/ret/6045260271.html,Connor Crowley
6045679602,3,15,IL,,,,Jasmine|Galleria|,,,chicago,https://chicago.craigslist.org/nwc/ret/6045679602.html,Connor Crowley
6045731653,3,15,IL,,,,Retail|Associates|Hoffman|Estates|,,,chicago,https://chicago.craigslist.org/nwc/ret/6045731653.html,Connor Crowley
6046118785,3,16,IL,,,,,,,chicago,https://chicago.craigslist.org/wcl/ret/6046118785.html,Connor Crowley
6046221345,3,16,IL,,,,Houston|,,,chicago,https://chicago.craigslist.org/wcl/ret/6046221345.html,Connor Crowley
6046382157,3,16,IL,,,,,,,chicago,https://chicago.craigslist.org/nwc/ret/6046382157.html,Connor Crowley
6046412247,3,16,IL,,,,Customer|Service|Scheduling|Service|Pentair|,,,chicago,https://chicago.craigslist.org/nwc/ret/6046412247.html,Connor Crowley
6046474487,3,16,IL,,,,WOODFIELD|MALL|,,,chicago,https://chicago.craigslist.org/nwc/ret/6046474487.html,Connor Crowley
6046479794,3,16,IL,,,,Taylor|Woodfield|Schaumburg|,,,chicago,https://chicago.craigslist.org/nwc/ret/6046479794.html,Connor Crowley
6046597652,3,16,IL,,,,,,,chicago,https://chicago.craigslist.org/wcl/ret/6046597652.html,Connor Crowley
6046702366,3,16,IL,,,,Costco|Club|Demonstration|Services|Costco|Costco|Costco|,,,chicago,https://chicago.craigslist.org/wcl/ret/6046702366.html,Connor Crowley
6046833740,3,16,IL,,,,,,,chicago,https://chicago.craigslist.org/wcl/ret/6046833740.html,Connor Crowley
6042471595,3,13,IL,,,,Costco|Club|Demonstration|Services|Costco|Costco|Costco|,,,chicago,https://chicago.craigslist.org/sox/ret/6042471595.html,Connor Crowley
6038466418,3,10,IL,,,,"CDL|MV|Transportation|MV|Transportation|,|Inc.|",,,chicago,https://chicago.craigslist.org/sox/ret/6038466418.html,Connor Crowley
6044199552,3,14,IL,,,,Advantage|Solutions|Advantage|Solutions|,,,chicago,https://chicago.craigslist.org/sox/ret/6044199552.html,Connor Crowley
6046937416,3,16,IL,,,,Signature|Retail|Services|Signature|Retail|Services|Recruiting|Team|,,,chicago,https://chicago.craigslist.org/wcl/ret/6046937416.html,Connor Crowley
6046804972,3,16,IL,,,,Menards|,,,chicago,https://chicago.craigslist.org/sox/ret/6046804972.html,Connor Crowley
6038047652,3,10,IL,,,,Steve|Nihad|David|Jane|,,,chicago,https://chicago.craigslist.org/nch/ret/6038047652.html,Connor Crowley
6038134884,3,10,IL,,,,,,,chicago,https://chicago.craigslist.org/nch/ret/6038134884.html,Connor Crowley
6039522952,3,11,IL,,,,,,,chicago,https://chicago.craigslist.org/nch/ret/6039522952.html,Connor Crowley
6041136438,3,12,IL,,,,,,,chicago,https://chicago.craigslist.org/nch/ret/6041136438.html,Connor Crowley
6042263761,3,13,IL,,,,Salvation|Army|,,,chicago,https://chicago.craigslist.org/nch/ret/6042263761.html,Connor Crowley
6042330905,3,13,IL,,,,,,,chicago,https://chicago.craigslist.org/nch/ret/6042330905.html,Connor Crowley
6043796500,3,14,IL,,,,,,,chicago,https://chicago.craigslist.org/nch/ret/6043796500.html,Connor Crowley
6043907725,3,14,IL,,,,Highland|Park|IL|,,,chicago,https://chicago.craigslist.org/nch/ret/6043907725.html,Connor Crowley
6043910950,3,14,IL,,,,Benjamin|Moore|STEVE|,,,chicago,https://chicago.craigslist.org/nch/ret/6043910950.html,Connor Crowley
6044192380,3,14,IL,,,,Advantage|Solutions|Advantage|Solutions|,,,chicago,https://chicago.craigslist.org/nch/ret/6044192380.html,Connor Crowley
6044890318,3,15,IL,,,,Green|Kids|Resale|&|Rollins|Road|,,,chicago,https://chicago.craigslist.org/nch/ret/6044890318.html,Connor Crowley
6044938025,3,15,IL,,,,Lake|Zurich|IL|,,,chicago,https://chicago.craigslist.org/nch/ret/6044938025.html,Connor Crowley
6045260109,3,15,IL,,,,,,,chicago,https://chicago.craigslist.org/nch/ret/6045260109.html,Connor Crowley
6045614402,3,15,IL,,,,BP|Deerfield|&|Ridge|Milwaukee|Ave.|,,,chicago,https://chicago.craigslist.org/nch/ret/6045614402.html,Connor Crowley
6046682816,3,16,IL,,,,Costco|Club|Demonstration|Services|Costco|Costco|Costco|,,,chicago,https://chicago.craigslist.org/nch/ret/6046682816.html,Connor Crowley
6046836297,3,16,IL,,,,,,,chicago,https://chicago.craigslist.org/nch/ret/6046836297.html,Connor Crowley
6036416922,3,9,IL,,,,,,,chicago,https://chicago.craigslist.org/chc/ret/6036416922.html,Connor Crowley
6036566270,3,9,IL,,,,,,,chicago,https://chicago.craigslist.org/chc/ret/6036566270.html,Connor Crowley
6036912834,3,9,IL,,,,,,,chicago,https://chicago.craigslist.org/chc/ret/6036912834.html,Connor Crowley
6036945321,3,9,IL,,,,Alsip|IL|Victoria|,,,chicago,https://chicago.craigslist.org/chc/ret/6036945321.html,Connor Crowley
6036960864,3,9,IL,,,,Barbara|O'Hare|O'Hare|,,,chicago,https://chicago.craigslist.org/chc/ret/6036960864.html,Connor Crowley
6037035383,3,9,IL,,,,,,,chicago,https://chicago.craigslist.org/chc/ret/6037035383.html,Connor Crowley
6037798466,3,10,IL,,,,Chicago|,,,chicago,https://chicago.craigslist.org/chc/ret/6037798466.html,Connor Crowley
6038057285,3,10,IL,,,,Wholesale|and|Marketing|&|PR|,,,chicago,https://chicago.craigslist.org/chc/ret/6038057285.html,Connor Crowley
6038078264,3,10,IL,,,,,,,chicago,https://chicago.craigslist.org/chc/ret/6038078264.html,Connor Crowley
6038080669,3,10,IL,,,,,,,chicago,https://chicago.craigslist.org/chc/ret/6038080669.html,Connor Crowley
6038081728,3,10,IL,,,,,,,chicago,https://chicago.craigslist.org/chc/ret/6038081728.html,Connor Crowley
6038084999,3,10,IL,,,,,,,chicago,https://chicago.craigslist.org/chc/ret/6038084999.html,Connor Crowley
6038086273,3,10,IL,,,,,,,chicago,https://chicago.craigslist.org/chc/ret/6038086273.html,Connor Crowley
6038194803,3,10,IL,,,,Chicago|,,,chicago,https://chicago.craigslist.org/chc/ret/6038194803.html,Connor Crowley
6038227790,3,10,IL,,,,Stylist|,,,chicago,https://chicago.craigslist.org/chc/ret/6038227790.html,Connor Crowley
6038562540,3,10,IL,,,,,,,chicago,https://chicago.craigslist.org/chc/ret/6038562540.html,Connor Crowley
6038623341,3,10,IL,,,,Español|Fluido|Interesados|,,,chicago,https://chicago.craigslist.org/chc/ret/6038623341.html,Connor Crowley
6039387913,3,11,IL,,,,Benefits|Medical|,,,chicago,https://chicago.craigslist.org/chc/ret/6039387913.html,Connor Crowley
6039076588,3,11,IL,,,,,,,chicago,https://chicago.craigslist.org/chc/ret/6039076588.html,Connor Crowley
6039401175,3,11,IL,,,,,,,chicago,https://chicago.craigslist.org/chc/ret/6039401175.html,Connor Crowley
6039544915,3,11,IL,,,,Heartland|Cafe|Heartland|,,,chicago,https://chicago.craigslist.org/chc/ret/6039544915.html,Connor Crowley
6039560320,3,11,IL,,,,,,,chicago,https://chicago.craigslist.org/chc/ret/6039560320.html,Connor Crowley
6041787017,3,13,IL,,,,Dearborn|Chicago|Dearborn|Chicago|,,,chicago,https://chicago.craigslist.org/chc/ret/6041787017.html,Connor Crowley
6042046849,3,13,IL,,,,Menards|Menards|,,,chicago,https://chicago.craigslist.org/chc/ret/6042046849.html,Connor Crowley
6042056663,3,13,IL,,,,Menards|,,,chicago,https://chicago.craigslist.org/chc/ret/6042056663.html,Connor Crowley
6042155089,3,13,IL,,,,,,,chicago,https://chicago.craigslist.org/chc/ret/6042155089.html,Connor Crowley
6042323741,3,13,IL,,,,,,,chicago,https://chicago.craigslist.org/chc/ret/6042323741.html,Connor Crowley
6042348891,3,13,IL,,,,Lincoln|Park|Lakeview|West|Loop|Lakeview|,,,chicago,https://chicago.craigslist.org/chc/ret/6042348891.html,Connor Crowley
6042342911,3,13,IL,,,,City|Food|Equipment|Company|City|Food|Equipment|Waring|Blenders|Robot|Coupe|Food|Processors|47th|&|Cicero|Microsoft|,,,chicago,https://chicago.craigslist.org/chc/ret/6042342911.html,Connor Crowley
6042361762,3,13,IL,,,,Costco|Costco|Costco|Costco|,,,chicago,https://chicago.craigslist.org/chc/ret/6042361762.html,Connor Crowley
6042670986,3,13,IL,,,,Sales|Associates|,,,chicago,https://chicago.craigslist.org/chc/ret/6042670986.html,Connor Crowley
6042835535,3,13,IL,,,,Chicago|,,,chicago,https://chicago.craigslist.org/chc/ret/6042835535.html,Connor Crowley
6043674618,3,14,IL,,,,Allset|Chicago|CHICAGO|CHICAGO|Allset|,,,chicago,https://chicago.craigslist.org/chc/ret/6043674618.html,Connor Crowley
6043816665,3,14,IL,,,,Menards|Business|Administration|Management|Marketing|Accounting|Finance|Economics|Human|Resource|Merchandising|AND|MORE|,,,chicago,https://chicago.craigslist.org/chc/ret/6043816665.html,Connor Crowley
6044239101,3,14,IL,,,,Advantage|Solutions|Advantage|Solutions|,,,chicago,https://chicago.craigslist.org/chc/ret/6044239101.html,Connor Crowley
6044878115,3,15,IL,,,,"ZARA|CASHIERS|&|STOCK|ASSOCIATES|ZARA|ZARA|ZARA|Zara|USA|,|Inc.|",,,chicago,https://chicago.craigslist.org/chc/ret/6044878115.html,Connor Crowley
6044283936,3,14,IL,,,,SARAH|JEAN|,,,chicago,https://chicago.craigslist.org/chc/ret/6044283936.html,Connor Crowley
6044941388,3,15,IL,,,,Magic|Memories|Chicago|Cubs|Magic|Memories|Digital|Photography|,,,chicago,https://chicago.craigslist.org/chc/ret/6044941388.html,Connor Crowley
6044953030,3,15,IL,,,,Magic|Memories|Chicago|Cubs|Tours|,,,chicago,https://chicago.craigslist.org/chc/ret/6044953030.html,Connor Crowley
6044958564,3,15,IL,,,,Advantage|Solutions|Advantage|Solutions|,,,chicago,https://chicago.craigslist.org/chc/ret/6044958564.html,Connor Crowley
6044966819,3,15,IL,,,,Magic|Memories|Chicago|Cubs|Lab|Technicians|and|Photographers|,,,chicago,https://chicago.craigslist.org/chc/ret/6044966819.html,Connor Crowley
6044972527,3,15,IL,,,,Magic|Memories|Chicago|Cubs|,,,chicago,https://chicago.craigslist.org/chc/ret/6044972527.html,Connor Crowley
6045036205,3,15,IL,,,,Chicago|,,,chicago,https://chicago.craigslist.org/chc/ret/6045036205.html,Connor Crowley
6045233579,3,15,IL,,,,,,,chicago,https://chicago.craigslist.org/chc/ret/6045233579.html,Connor Crowley
6045265070,3,15,IL,,,,Instagram|,,,chicago,https://chicago.craigslist.org/chc/ret/6045265070.html,Connor Crowley
6046687157,3,16,IL,,,,Costco|Costco|Costco|Costco|,,,chicago,https://chicago.craigslist.org/chc/ret/6046687157.html,Connor Crowley
6046690588,3,16,IL,,,,DICK|'S|Sporting|Goods|DICK|'S|Sporting|Goods|DICK|'S|Sporting|Goods|,,,chicago,https://chicago.craigslist.org/chc/ret/6046690588.html,Connor Crowley
6046945986,3,16,IL,,,,Life|Insurance|&|STD|Customer|Service|,,,chicago,https://chicago.craigslist.org/chc/ret/6046945986.html,Connor Crowley
6042694633,3,13,IL,,,,Microsoft|Health|Insurance|,,,chicago,https://chicago.craigslist.org/nwc/ret/6042694633.html,Connor Crowley
6037011518,3,9,IL,,,,,,,chicago,https://chicago.craigslist.org/nch/ret/6037011518.html,Connor Crowley
